Apples, Apricots, Avocados,
Bananas, Boysenberries, Blueberries, Bing Cherry,
Cherries, Cantaloupe, Crab apples, Clementine,Cucumbers,
Damson plum, Dinosaur Eggs (Pluots), Dates, Dewbe,
Elderberry, Eggfruit, Evergreen Huckleberry, Enta,
Fig, Farkleberry, Finger Lime,
Grapefruit, Grapes, Gooseberries, Guava,
Honeydew melon, Hackberry, Honeycrisp Apples,
Indian Prune (Plum), Indonesian Lime, Imbe, India Fig,
Jackfruit, Java Apple, Jambolan,
Kiwi, Kaffir Lime, Kumquat,
Lime (Lemon), Longan, Lychee, Loquat,
Mango, Mandarin Orange, Mulberry, Melon,
Nectarine, Navel Orange, Nashi Pear ,Asian Pear,
Olive, Oranges, Ogeechee Limes, Oval Kumquat,
Papaya, Persimmon, Paw Paw, Prickly Pear, Peach,
Quince, Queen Anne Cherry, Quararibea cordata ,
Rambutan, Raspberries, Rose Hips,
Star Fruit, Strawberries, Sugar Baby Watermelon,
Tomato, Tangerine, Tamarind, Tart Cherries,
Ugli Fruit, Uniq Fruit, Ugni,
Vanilla Bean, Velvet Pink Banana, Voavanga,
Watermelon, Wolfberry, White Mulberry,
Xigua, Ximenia caffra fruit,Chinese Watermelon,
Yellow Passion Fruit, Yunnan Hackberry, Yangmei,
Zig Zag Vine fruit, Zinfandel Grapes, Zuchinni,